{
  "i18n/i18n.properties": 1683804771148,
  "Component.js": 1683804771140,
  "model/models.js": 1683804771148,
  "controller/View1.controller.js": 1683804771160,
  "controller/App.controller.js": 1683804771156,
  "manifest.json": 1683822282504,
  "Component-preload.js": 1683822282891,
  "model/models-dbg.js": 1683804771148,
  "controller/View1-dbg.controller.js": 1683804771160,
  "controller/App-dbg.controller.js": 1683804771156,
  "Component-dbg.js": 1683804771140,
  "view/View1.view.xml": 1683804771156,
  "view/App.view.xml": 1683804771156,
  "css/style.css": 1683804771156,
  "index.html": 1683804771140
}